Site,EC,TC,ESBL-EC,ESBL-TC,EC-RR
NA12,110,289,10,10,0.090909091
NA11,0,0,0,0,0
MAN,0,0,0,0,0
HCM,0,0,0,0,0
POUL,439,1086,30,73,0.06833713
FISH,20100,31800,233,691,0.01159204
BRB,31,263,0,0,0
BRO,10,20,0,0,0
WCSL,0,0,0,0,0
WCSR,0,0,0,0,0
